{
  "stats": {
    "pnn50": {
      "mu": 0.3711288571357727,
      "sigma": 0.22679756581783295
    },
    "rr_mean": {
      "mu": 0.7549816966056824,
      "sigma": 0.05960484594106674
    },
    "hr_mean": {
      "mu": 79.96943664550781,
      "sigma": 6.316314697265625
    },
    "rmssd": {
      "mu": 0.12173721305425128,
      "sigma": 0.08582906952966857
    },
    "n_peaks": {
      "mu": 13.303519248962402,
      "sigma": 1.055065393447876
    },
    "crest_t": {
      "mu": 0.43036949683494236,
      "sigma": 0.043535910625970994
    },
    "dwell_t": {
      "mu": 0.7703198790550232,
      "sigma": 0.05879588797688484
    },
    "pwtf": {
      "mu": 0.5600105603900124,
      "sigma": 0.04926409169277089
    },
    "kurtosis": {
      "mu": 0.296561417799555,
      "sigma": 1.5743705293334747
    },
    "skew": {
      "mu": 0.3287315676063857,
      "sigma": 0.29173723043278166
    }
  },
  "bin_edges": {
    "pnn50": [
      0.0714285746216774,
      0.0714285746216774,
      0.1428571492433548,
      0.20000000298023224,
      0.27272728085517883,
      0.3333333432674408,
      0.4166666567325592,
      0.5,
      0.6153846383094788,
      0.75,
      0.75
    ],
    "rr_mean": [
      0.6657142639160156,
      0.6657142639160156,
      0.692307710647583,
      0.7166666388511658,
      0.7353846430778503,
      0.753333330154419,
      0.7709090709686279,
      0.7900000214576721,
      0.8145454525947571,
      0.8519999980926514,
      0.8519999980926514
    ],
    "hr_mean": [
      70.42253875732422,
      70.42253875732422,
      73.66071319580078,
      75.9493637084961,
      77.83018493652344,
      79.6460189819336,
      81.58995819091797,
      83.72093200683594,
      86.66666412353516,
      90.12875366210938,
      90.12875366210938
    ],
    "rmssd": [
      0.0341121144592762,
      0.0341121144592762,
      0.04188286736607552,
      0.049613893032073975,
      0.059628479182720184,
      0.08738529682159424,
      0.12980454862117768,
      0.1737193584442138,
      0.21762334704399114,
      0.27641133815050123,
      0.2764420360326767
    ],
    "n_peaks": [
      12.0,
      12.0,
      12.0,
      13.0,
      13.0,
      13.0,
      14.0,
      14.0,
      14.0,
      15.0,
      15.0
    ],
    "crest_t": [
      0.36666667461395264,
      0.36666667461395264,
      0.3866666555404663,
      0.4000000059604645,
      0.4145454466342926,
      0.4266666769981384,
      0.4399999976158142,
      0.4566666781902313,
      0.4763636291027069,
      0.5016755205392838,
      0.5017342627048492
    ],
    "dwell_t": [
      0.6853333115577698,
      0.6853333115577698,
      0.7076923251152039,
      0.731285709142685,
      0.7476922869682312,
      0.7666666507720947,
      0.7866666913032532,
      0.803636372089386,
      0.8307692408561707,
      0.8654545545578003,
      0.8654545545578003
    ],
    "pwtf": [
      0.49471081495285035,
      0.4947186255455017,
      0.5142857432365417,
      0.5260644972324371,
      0.5368852615356445,
      0.5508474707603455,
      0.5647296190261841,
      0.5833690822124481,
      0.6106791377067566,
      0.6492239403724671,
      0.6493675351142884
    ],
    "kurtosis": [
      -1.0322952151298523,
      -1.0319861209392547,
      -0.935283887386322,
      -0.8351049423217773,
      -0.6675999879837035,
      -0.47453054785728455,
      -0.10144810378551468,
      0.5625260353088377,
      1.6229334592819222,
      3.718401498794556,
      3.719817018508911
    ],
    "skew": [
      -0.26251923143863676,
      -0.26247447699308396,
      0.058941130340099415,
      0.24630835205316545,
      0.34742131829261785,
      0.4198462963104248,
      0.47964078783988956,
      0.5320731401443481,
      0.5833397626876832,
      0.6507055658102036,
      0.650929206609726
    ]
  },
  "bin_edges_z": {
    "pnn50": [
      -3.0,
      -2.4,
      -1.8,
      -1.2000000000000002,
      -0.6000000000000001,
      0.0,
      0.5999999999999996,
      1.2000000000000002,
      1.7999999999999998,
      2.3999999999999995,
      3.0
    ],
    "rr_mean": [
      -3.0,
      -2.4,
      -1.8,
      -1.2000000000000002,
      -0.6000000000000001,
      0.0,
      0.5999999999999996,
      1.2000000000000002,
      1.7999999999999998,
      2.3999999999999995,
      3.0
    ],
    "hr_mean": [
      -3.0,
      -2.4,
      -1.8,
      -1.2000000000000002,
      -0.6000000000000001,
      0.0,
      0.5999999999999996,
      1.2000000000000002,
      1.7999999999999998,
      2.3999999999999995,
      3.0
    ],
    "rmssd": [
      -3.0,
      -2.4,
      -1.8,
      -1.2000000000000002,
      -0.6000000000000001,
      0.0,
      0.5999999999999996,
      1.2000000000000002,
      1.7999999999999998,
      2.3999999999999995,
      3.0
    ],
    "n_peaks": [
      -3.0,
      -2.4,
      -1.8,
      -1.2000000000000002,
      -0.6000000000000001,
      0.0,
      0.5999999999999996,
      1.2000000000000002,
      1.7999999999999998,
      2.3999999999999995,
      3.0
    ],
    "crest_t": [
      -3.0,
      -2.4,
      -1.8,
      -1.2000000000000002,
      -0.6000000000000001,
      0.0,
      0.5999999999999996,
      1.2000000000000002,
      1.7999999999999998,
      2.3999999999999995,
      3.0
    ],
    "dwell_t": [
      -3.0,
      -2.4,
      -1.8,
      -1.2000000000000002,
      -0.6000000000000001,
      0.0,
      0.5999999999999996,
      1.2000000000000002,
      1.7999999999999998,
      2.3999999999999995,
      3.0
    ],
    "pwtf": [
      -3.0,
      -2.4,
      -1.8,
      -1.2000000000000002,
      -0.6000000000000001,
      0.0,
      0.5999999999999996,
      1.2000000000000002,
      1.7999999999999998,
      2.3999999999999995,
      3.0
    ],
    "kurtosis": [
      -3.0,
      -2.4,
      -1.8,
      -1.2000000000000002,
      -0.6000000000000001,
      0.0,
      0.5999999999999996,
      1.2000000000000002,
      1.7999999999999998,
      2.3999999999999995,
      3.0
    ],
    "skew": [
      -3.0,
      -2.4,
      -1.8,
      -1.2000000000000002,
      -0.6000000000000001,
      0.0,
      0.5999999999999996,
      1.2000000000000002,
      1.7999999999999998,
      2.3999999999999995,
      3.0
    ]
  },
  "clip_bounds": {
    "pnn50": [
      0.0714285746216774,
      0.75
    ],
    "rr_mean": [
      0.6657142639160156,
      0.8519999980926514
    ],
    "hr_mean": [
      70.42253875732422,
      90.12875366210938
    ],
    "rmssd": [
      0.0341121144592762,
      0.2764420360326767
    ],
    "n_peaks": [
      12.0,
      15.0
    ],
    "crest_t": [
      0.36666667461395264,
      0.5017342627048492
    ],
    "dwell_t": [
      0.6853333115577698,
      0.8654545545578003
    ],
    "pwtf": [
      0.49471081495285035,
      0.6493675351142884
    ],
    "kurtosis": [
      -1.0322952151298523,
      3.719817018508911
    ],
    "skew": [
      -0.26251923143863676,
      0.650929206609726
    ]
  },
  "stats_raw": {
    "green": {
      "mu": 0.0,
      "sigma": 1.0
    }
  },
  "calib_means": {
    "pnn50": 0.3711288571357727,
    "rr_mean": 0.7549816966056824,
    "hr_mean": 79.96943664550781,
    "rmssd": 0.12173721305425128,
    "n_peaks": 13.303519248962402,
    "crest_t": 0.43036949683494236,
    "dwell_t": 0.7703198790550232,
    "pwtf": 0.5600105603900124,
    "kurtosis": 0.296561417799555,
    "skew": 0.3287315676063857
  }
}