{
  "stats_raw": {
    "green": {
      "mu": -17.362653871532416,
      "sigma": 48.94674809948172
    }
  },
  "stats": {
    "pnn50": {
      "mu": 0.36023675275685735,
      "sigma": 0.24763383845760928
    },
    "rr_mean": {
      "mu": 0.7499150988323877,
      "sigma": 0.0664700879605789
    },
    "hr_mean": {
      "mu": 80.64360152744216,
      "sigma": 7.19126282367672
    },
    "rmssd": {
      "mu": 0.12329307719624182,
      "sigma": 0.0926310167140691
    },
    "n_peaks": {
      "mu": 13.362650008219628,
      "sigma": 1.276888613374799
    },
    "crest_t": {
      "mu": 0.4311726959191046,
      "sigma": 0.05006146515215074
    },
    "dwell_t": {
      "mu": 0.7645640989020528,
      "sigma": 0.06772466103465247
    },
    "pwtf": {
      "mu": 0.5659213683900327,
      "sigma": 0.05887064831006386
    },
    "kurtosis": {
      "mu": 0.5093688337556014,
      "sigma": 2.0952703734624523
    },
    "skew": {
      "mu": 0.3157571071481909,
      "sigma": 0.36230142494797646
    }
  },
  "clip_bounds": {
    "pnn50": [
      0.0,
      0.8181818127632141
    ],
    "rr_mean": [
      0.6343237876892089,
      0.871999979019165
    ],
    "hr_mean": [
      68.80734252929688,
      94.58891906738279
    ],
    "rmssd": [
      0.02828427031636238,
      0.3226932138204574
    ],
    "n_peaks": [
      11.0,
      16.0
    ],
    "crest_t": [
      0.345714271068573,
      0.5299999713897705
    ],
    "dwell_t": [
      0.6457582414150238,
      0.8920000195503235
    ],
    "pwtf": [
      0.4743083119392395,
      0.6823834419250487
    ],
    "kurtosis": [
      -1.0826396942138672,
      6.653869867324823
    ],
    "skew": [
      -0.6042360663414001,
      0.8257468998432157
    ]
  }
}