{
  "stats_raw": {
    "green": {
      "mu": -18.043156094233556,
      "sigma": 50.44709387181491
    }
  },
  "stats": {
    "pnn50": {
      "mu": 0.36910961990591545,
      "sigma": 0.2456053283957077
    },
    "rr_mean": {
      "mu": 0.7550655562244901,
      "sigma": 0.06444244601362656
    },
    "hr_mean": {
      "mu": 80.04554232628115,
      "sigma": 6.849502815369357
    },
    "rmssd": {
      "mu": 0.12481654803091086,
      "sigma": 0.09267947132120558
    },
    "n_peaks": {
      "mu": 13.237536656891496,
      "sigma": 1.1605180494436202
    },
    "crest_t": {
      "mu": 0.43111344829551285,
      "sigma": 0.04929774676121551
    },
    "dwell_t": {
      "mu": 0.7707577476338032,
      "sigma": 0.06542971926467012
    },
    "pwtf": {
      "mu": 0.5606457581170057,
      "sigma": 0.05537639976893817
    },
    "kurtosis": {
      "mu": 0.5201196928471898,
      "sigma": 2.152609293204899
    },
    "skew": {
      "mu": 0.31918855048756606,
      "sigma": 0.3530083907426212
    }
  },
  "clip_bounds": {
    "pnn50": [
      0.0,
      0.8181818127632141
    ],
    "rr_mean": [
      0.646057140827179,
      0.8727272748947144
    ],
    "hr_mean": [
      68.75,
      92.8711917877197
    ],
    "rmssd": [
      0.030550504103302956,
      0.3250082626938817
    ],
    "n_peaks": [
      11.0,
      15.0
    ],
    "crest_t": [
      0.3478241771459579,
      0.5309090614318848
    ],
    "dwell_t": [
      0.6600000262260437,
      0.8959077149629592
    ],
    "pwtf": [
      0.4741079583764076,
      0.6770147532224655
    ],
    "kurtosis": [
      -1.08210608959198,
      6.918472003936762
    ],
    "skew": [
      -0.5591737657785415,
      0.8257084876298904
    ]
  },
  "calib_means": {
    "pnn50": 0.36910961990591545,
    "rr_mean": 0.7550655562244901,
    "hr_mean": 80.04554232628115,
    "rmssd": 0.12481654803091086,
    "n_peaks": 13.237536656891496,
    "crest_t": 0.43111344829551285,
    "dwell_t": 0.7707577476338032,
    "pwtf": 0.5606457581170057,
    "kurtosis": 0.5201196928471898,
    "skew": 0.31918855048756606
  }
}