{
  "stats_raw": {
    "green": {
      "mu": -18.043156094233556,
      "sigma": 50.44709387181491
    }
  },
  "stats": {
    "pnn50": {
      "mu": 0.3627972721914984,
      "sigma": 0.2378859034223541
    },
    "rr_mean": {
      "mu": 0.7557815844731882,
      "sigma": 0.05886436164960626
    },
    "hr_mean": {
      "mu": 79.87031744728404,
      "sigma": 6.208076160573978
    },
    "rmssd": {
      "mu": 0.12079143916133575,
      "sigma": 0.08507403167949186
    },
    "n_peaks": {
      "mu": 13.262913223140496,
      "sigma": 1.0511645375638183
    },
    "crest_t": {
      "mu": 0.43002496202560986,
      "sigma": 0.044432241225399294
    },
    "dwell_t": {
      "mu": 0.7692458871905962,
      "sigma": 0.05931323464305572
    },
    "pwtf": {
      "mu": 0.560377382296176,
      "sigma": 0.05073121020271989
    },
    "kurtosis": {
      "mu": 0.31664700042153326,
      "sigma": 1.6195359973023986
    },
    "skew": {
      "mu": 0.3313856355322691,
      "sigma": 0.28564541547113664
    }
  },
  "clip_bounds": {
    "pnn50": [
      0.0,
      0.75
    ],
    "rr_mean": [
      0.668571412563324,
      0.8509091138839722
    ],
    "hr_mean": [
      70.5128173828125,
      89.74359130859375
    ],
    "rmssd": [
      0.0341121144592762,
      0.27495962381362915
    ],
    "n_peaks": [
      12.0,
      15.0
    ],
    "crest_t": [
      0.3646666556596756,
      0.5036666691303253
    ],
    "dwell_t": [
      0.6830769181251526,
      0.8654545545578003
    ],
    "pwtf": [
      0.492840051651001,
      0.6527196764945984
    ],
    "kurtosis": [
      -1.0295755863189697,
      3.8836870193481445
    ],
    "skew": [
      -0.23294825106859207,
      0.6604352593421936
    ]
  },
  "calib_means": {
    "pnn50": 0.3627972721914984,
    "rr_mean": 0.7557815844731882,
    "hr_mean": 79.87031744728404,
    "rmssd": 0.12079143916133575,
    "n_peaks": 13.262913223140496,
    "crest_t": 0.43002496202560986,
    "dwell_t": 0.7692458871905962,
    "pwtf": 0.560377382296176,
    "kurtosis": 0.31664700042153326,
    "skew": 0.3313856355322691
  }
}