{
  "stats": {
    "pnn50": {
      "mu": 0.5425710586327925,
      "sigma": 0.2325036866466246
    },
    "rr_mean": {
      "mu": 0.6430416946248265,
      "sigma": 0.10319885133967614
    },
    "hr_mean": {
      "mu": 95.84923247189296,
      "sigma": 16.013288380383447
    },
    "rmssd": {
      "mu": 0.1937991823670903,
      "sigma": 0.08784218280486869
    },
    "n_peaks": {
      "mu": 15.787390029325513,
      "sigma": 2.759725950696996
    },
    "crest_t": {
      "mu": 0.35698966252447545,
      "sigma": 0.06515801941041467
    },
    "dwell_t": {
      "mu": 0.6422734894873044,
      "sigma": 0.10382853995561732
    },
    "pwtf": {
      "mu": 0.5568622263785116,
      "sigma": 0.04337594733676341
    },
    "kurtosis": {
      "mu": 0.29656141785800194,
      "sigma": 1.5743705228298077
    },
    "skew": {
      "mu": 0.32873156725373187,
      "sigma": 0.29173722741515085
    }
  },
  "bin_edges": {
    "pnn50": [
      0.16666666666666666,
      0.16666666666666666,
      0.2727272727272727,
      0.4,
      0.5,
      0.5833333333333334,
      0.6428571428571429,
      0.7058823529411765,
      0.7777777777777778,
      0.8666666666666667,
      0.8666666666666667
    ],
    "rr_mean": [
      0.4820315789473685,
      0.48205368421052636,
      0.5341176470588236,
      0.5764235294117648,
      0.6106666666666668,
      0.6457142857142857,
      0.677142857142857,
      0.7107692307692308,
      0.7503076923076925,
      0.7966666666666667,
      0.7966666666666667
    ],
    "hr_mean": [
      75.31380753138075,
      75.31380753138075,
      79.96721311475409,
      84.4155844155844,
      88.60759493670888,
      92.9203539823009,
      98.25327510917029,
      104.09013605442176,
      112.33480176211452,
      124.46746634293065,
      124.47317400206562
    ],
    "rmssd": [
      0.04618802153517005,
      0.04618802153517005,
      0.09999454246770717,
      0.15571176527852304,
      0.18260338602937953,
      0.20757472512979097,
      0.22720680792939663,
      0.25043103928100074,
      0.275239172379688,
      0.3165337693715509,
      0.31669680593312094
    ],
    "n_peaks": [
      12.0,
      12.0,
      13.0,
      14.0,
      15.0,
      15.0,
      16.0,
      17.0,
      18.0,
      21.0,
      21.0
    ],
    "crest_t": [
      0.2609824561403509,
      0.2610035087719299,
      0.2905263157894737,
      0.3105882352941177,
      0.33333333333333337,
      0.3546666666666666,
      0.37653333333333344,
      0.4,
      0.42461538461538473,
      0.45921538461538475,
      0.4595384615384616
    ],
    "dwell_t": [
      0.4786,
      0.47902,
      0.5355555555555556,
      0.5725,
      0.6081142857142858,
      0.6428571428571429,
      0.6799999999999999,
      0.7107692307692308,
      0.7476923076923078,
      0.7966666666666667,
      0.7966666666666667
    ],
    "pwtf": [
      0.49855967078189306,
      0.49899176954732516,
      0.5162876784769962,
      0.5274261603375527,
      0.5374449339207049,
      0.5488043682922237,
      0.5612158787565661,
      0.5796460176991151,
      0.6,
      0.6331181434599159,
      0.6332067510548526
    ],
    "kurtosis": [
      -1.0322951965917884,
      -1.0319861204925422,
      -0.9352838728785468,
      -0.8351049185091735,
      -0.6675999885627546,
      -0.4745305420139576,
      -0.10144810188629398,
      0.5625260237178903,
      1.6229334499255967,
      3.718401466203618,
      3.719816994411169
    ],
    "skew": [
      -0.26251922274469797,
      -0.2624744681542383,
      0.05894113030206083,
      0.2463083588041512,
      0.34742131236663154,
      0.41984629903635273,
      0.47964079851784147,
      0.532073159171334,
      0.5833397817894733,
      0.6507055479101035,
      0.6509291921132657
    ]
  },
  "bin_edges_z": {
    "pnn50": [
      -3.0,
      -2.4,
      -1.8,
      -1.2000000000000002,
      -0.6000000000000001,
      0.0,
      0.5999999999999996,
      1.2000000000000002,
      1.7999999999999998,
      2.3999999999999995,
      3.0
    ],
    "rr_mean": [
      -3.0,
      -2.4,
      -1.8,
      -1.2000000000000002,
      -0.6000000000000001,
      0.0,
      0.5999999999999996,
      1.2000000000000002,
      1.7999999999999998,
      2.3999999999999995,
      3.0
    ],
    "hr_mean": [
      -3.0,
      -2.4,
      -1.8,
      -1.2000000000000002,
      -0.6000000000000001,
      0.0,
      0.5999999999999996,
      1.2000000000000002,
      1.7999999999999998,
      2.3999999999999995,
      3.0
    ],
    "rmssd": [
      -3.0,
      -2.4,
      -1.8,
      -1.2000000000000002,
      -0.6000000000000001,
      0.0,
      0.5999999999999996,
      1.2000000000000002,
      1.7999999999999998,
      2.3999999999999995,
      3.0
    ],
    "n_peaks": [
      -3.0,
      -2.4,
      -1.8,
      -1.2000000000000002,
      -0.6000000000000001,
      0.0,
      0.5999999999999996,
      1.2000000000000002,
      1.7999999999999998,
      2.3999999999999995,
      3.0
    ],
    "crest_t": [
      -3.0,
      -2.4,
      -1.8,
      -1.2000000000000002,
      -0.6000000000000001,
      0.0,
      0.5999999999999996,
      1.2000000000000002,
      1.7999999999999998,
      2.3999999999999995,
      3.0
    ],
    "dwell_t": [
      -3.0,
      -2.4,
      -1.8,
      -1.2000000000000002,
      -0.6000000000000001,
      0.0,
      0.5999999999999996,
      1.2000000000000002,
      1.7999999999999998,
      2.3999999999999995,
      3.0
    ],
    "pwtf": [
      -3.0,
      -2.4,
      -1.8,
      -1.2000000000000002,
      -0.6000000000000001,
      0.0,
      0.5999999999999996,
      1.2000000000000002,
      1.7999999999999998,
      2.3999999999999995,
      3.0
    ],
    "kurtosis": [
      -3.0,
      -2.4,
      -1.8,
      -1.2000000000000002,
      -0.6000000000000001,
      0.0,
      0.5999999999999996,
      1.2000000000000002,
      1.7999999999999998,
      2.3999999999999995,
      3.0
    ],
    "skew": [
      -3.0,
      -2.4,
      -1.8,
      -1.2000000000000002,
      -0.6000000000000001,
      0.0,
      0.5999999999999996,
      1.2000000000000002,
      1.7999999999999998,
      2.3999999999999995,
      3.0
    ]
  },
  "stats_raw": {
    "green": {
      "mu": 0.0,
      "sigma": 1.0
    }
  }
}