,sum_sq,df,F,PR(>F)
C(label),884.8840277928717,4.0,3.705886961180074,0.010188213408536316
C(subject),1633.0781726403118,6.0,4.559545218349697,0.000922380295039033
Residual,2984.7241600398684,50.0,,
