,sum_sq,df,F,PR(>F)
C(label),9132.608625293724,2.0,0.9997216282825852,0.3767740611949181
C(subject),214859.927522894,6.0,7.840042402231576,1.175946317656444e-05
Residual,187270.60765919674,41.0,,
