,sum_sq,df,F,PR(>F)
C(label),0.42121486305668254,4.0,6.619268407859099,0.00023481795459444745
C(subject),0.32630747244812947,6.0,3.418551010522466,0.006627408887062873
Residual,0.7954331904651493,50.0,,
