,sum_sq,df,F,PR(>F)
C(label),0.41658420325635265,2.0,2.594557640401664,0.08689731674623993
C(subject),1.161094731616777,6.0,2.4104988328074897,0.04355302102953228
Residual,3.2914960275976575,41.0,,
