,sum_sq,df,F,PR(>F)
C(label),0.06272842739585105,2.0,2.748714616186432,0.07581859800019183
C(subject),0.1554150733546814,6.0,2.2700589479677937,0.055373872550984485
Residual,0.4678305830814296,41.0,,
