model,loso_accuracy
k-NN,0.3800551285126475
RF,0.4490800433656843
