model,loso_accuracy
k-NN,0.4054879604122028
RF,0.5065618304254668
