model,loso_accuracy
k-NN,0.4059082892416226
RF,0.5617283950617283
