{
  "hr_mean": {
    "mu": 103.51322257416528,
    "sigma": 25.041678414388535
  },
  "pnn50": {
    "mu": 0.5958591004759816,
    "sigma": 0.26197677119614776
  },
  "pwtf": {
    "mu": 0.561134848680256,
    "sigma": 0.057295667899572765
  },
  "kurtosis": {
    "mu": 0.8517715168282842,
    "sigma": 3.455462126835644
  },
  "thresholds": {
    "supine": {
      "hr_z_max": -0.8,
      "pnn50_z_min": 0.8
    },
    "standing": {
      "hr_z_min": 0.8,
      "kurtosis_z_min": 0.5
    }
  }
}