{
  "stats": {
    "standing": {
      "hr_mean": {
        "mu": 81.91637550248356,
        "sigma": 7.308716474716025
      },
      "pnn50": {
        "mu": 0.4225641933993559,
        "sigma": 0.2333583906265898
      },
      "kurtosis": {
        "mu": 1.7729766005360772,
        "sigma": 4.082888289989891
      }
    },
    "supine-lying": {
      "hr_mean": {
        "mu": 75.89443788218284,
        "sigma": 11.313558849972853
      },
      "pnn50": {
        "mu": 0.26325132447153987,
        "sigma": 0.20686956316192107
      },
      "kurtosis": {
        "mu": 0.03058115540778915,
        "sigma": 3.039297437183632
      }
    },
    "supine\u2010lying": {
      "hr_mean": {
        "mu": 77.13657008588068,
        "sigma": 5.254951346042164
      },
      "pnn50": {
        "mu": 0.1686615967480165,
        "sigma": 0.14194098770305674
      },
      "kurtosis": {
        "mu": -0.7366798693153923,
        "sigma": 0.4823225859821235
      }
    },
    "upright-sitting": {
      "hr_mean": {
        "mu": 80.2962148898228,
        "sigma": 6.782662933206241
      },
      "pnn50": {
        "mu": 0.37847534710017644,
        "sigma": 0.21504352113564268
      },
      "kurtosis": {
        "mu": 0.4251299436195215,
        "sigma": 1.8665948241375918
      }
    },
    "upright\u2010sitting": {
      "hr_mean": {
        "mu": 83.601531986891,
        "sigma": 4.878574862667246
      },
      "pnn50": {
        "mu": 0.20682506793617905,
        "sigma": 0.17181148554489017
      },
      "kurtosis": {
        "mu": 0.1447594925584637,
        "sigma": 2.894469361220714
      }
    }
  },
  "thresholds": {
    "supine": {
      "hr_z_max": -0.8,
      "pnn50_z_min": 0.8
    },
    "standing": {
      "hr_z_min": 0.8,
      "kurtosis_z_min": 0.5
    }
  },
  "calib_means": {
    "pnn50": 0.34986985441530405,
    "rr_mean": 0.756817168673092,
    "hr_mean": 79.8632115361948,
    "rmssd": 0.1431594457420924,
    "n_peaks": 13.244021667327257,
    "kurtosis": 0.7743679525844925,
    "skew": 0.31585824393640494
  }
}